src	page	page_url	acceptable
https://assets.leetcode.com/uploads/2021/03/03/closestplane1.jpg	lc-973	https://leetcode.com/problems/k-closest-points-to-origin/description/	flip|logo
https://assets.leetcode.com/static_assets/marketing/daily_leetcoding_banner.png	lc-973	https://leetcode.com/problems/k-closest-points-to-origin/description/	none|dim
https://assets.leetcode.com/uploads/2020/11/26/tmp-tree.jpg	lc-tree-depth	https://leetcode.com/problems/maximum-depth-of-binary-tree/description/	flip|logo
https://wikimedia.org/api/rest_v1/media/math/render/svg/95c0b53b51f27df65795ba7f705239d8ba6ac4c5	wiki-quadratic	https://en.wikipedia.org/wiki/Quadratic_formula	flip|logo
https://wikimedia.org/api/rest_v1/media/math/render/svg/8e1afabdee7f5f3780c45f2b2e68cee7893e615e	wiki-quadratic	https://en.wikipedia.org/wiki/Quadratic_formula	flip|logo
https://thumb.wikimedia.org/wikipedia/commons/thumb/3/39/Quadratic_formula_via_completing_the_square.png/960px-Quadratic_formula_via_completing_the_square.png?utm_source=en.wikipedia.org&utm_campaign=parser&utm_content=thumbnail	wiki-quadratic	https://en.wikipedia.org/wiki/Quadratic_formula	flip|logo
https://thumb.wikimedia.org/wikipedia/commons/thumb/6/63/Roots_of_a_quadratic_function_via_the_quadratic_formula.png/500px-Roots_of_a_quadratic_function_via_the_quadratic_formula.png?utm_source=en.wikipedia.org&utm_campaign=parser&utm_content=thumbnail	wiki-quadratic	https://en.wikipedia.org/wiki/Quadratic_formula	flip|logo
https://wikimedia.org/api/rest_v1/media/math/render/svg/124946f9e26759fdb460e7f8c59c0b748d3acc46	wiki-quadratic	https://en.wikipedia.org/wiki/Quadratic_formula	flip|logo
https://wikimedia.org/api/rest_v1/media/math/render/svg/251e2cac94767695459987bd7aceedff61332c2d	wiki-quadratic	https://en.wikipedia.org/wiki/Quadratic_formula	flip|logo
https://wikimedia.org/api/rest_v1/media/math/render/svg/346657fc9104666a42bd5b710edda44930d4ed82	wiki-quadratic	https://en.wikipedia.org/wiki/Quadratic_formula	flip|logo
https://wikimedia.org/api/rest_v1/media/math/render/svg/72c134ebbe8c4a207f4d136fff3e3a6904d80478	wiki-quadratic	https://en.wikipedia.org/wiki/Quadratic_formula	flip|logo
https://wikimedia.org/api/rest_v1/media/math/render/svg/1ee3bcd259521d10a01fa06661e550f839e63a18	wiki-quadratic	https://en.wikipedia.org/wiki/Quadratic_formula	flip|logo
https://wikimedia.org/api/rest_v1/media/math/render/svg/51ef3c4e81aab3145554982b428318a9ea235a24	wiki-quadratic	https://en.wikipedia.org/wiki/Quadratic_formula	flip|logo
https://wikimedia.org/api/rest_v1/media/math/render/svg/e1ffac41e4338a09ee8949e9ef05af066703d001	wiki-quadratic	https://en.wikipedia.org/wiki/Quadratic_formula	flip|logo
https://wikimedia.org/api/rest_v1/media/math/render/svg/bc3e424d6de6bbf20b5b7c2e84ca6d14703acef3	wiki-quadratic	https://en.wikipedia.org/wiki/Quadratic_formula	flip|logo
https://wikimedia.org/api/rest_v1/media/math/render/svg/dea39b938827bb6184de8be23da4027ac663dc02	wiki-quadratic	https://en.wikipedia.org/wiki/Quadratic_formula	flip|logo
https://wikimedia.org/api/rest_v1/media/math/render/svg/eae1c159dbfd4254045c1c9fccaf2c4a036b247c	wiki-quadratic	https://en.wikipedia.org/wiki/Quadratic_formula	flip|logo
https://wikimedia.org/api/rest_v1/media/math/render/svg/337581ff53e57e62cb7e0c2f4ed19fda8b4f0cd9	wiki-quadratic	https://en.wikipedia.org/wiki/Quadratic_formula	flip|logo
https://wikimedia.org/api/rest_v1/media/math/render/svg/6a12728c6ccd262a0d782e9d2b5a7ea7e0652ff6	wiki-quadratic	https://en.wikipedia.org/wiki/Quadratic_formula	flip|logo
https://media.geeksforgeeks.org/wp-content/uploads/20240811023816/Introduction-to-Binary-Tree.webp	gfg-binary-tree	https://www.geeksforgeeks.org/dsa/binary-tree-data-structure/	flip|logo
https://matplotlib.org/stable/_images/sphx_glr_simple_plot_001_2_00x.png	mpl-simple-plot	https://matplotlib.org/stable/gallery/lines_bars_and_markers/simple_plot.html	flip|logo
https://matplotlib.org/stable/_static/logo_light.svg	mpl-simple-plot	https://matplotlib.org/stable/gallery/lines_bars_and_markers/simple_plot.html	none|dim
https://images.unsplash.com/photo-1472396961693-142e6e269027?w=900&auto=format&fit=crop&q=60&ixlib=rb-4.1.0&ixid=M3wxMjA3fDB8MHxzZWFyY2h8MTJ8fGxhbmRzY2FwZXxlbnwwfHwwfHx8MA%3D%3D	unsplash-control	https://unsplash.com/s/photos/landscape	none|dim
https://plus.unsplash.com/premium_photo-1673292293042-cafd9c8a3ab3?w=900&auto=format&fit=crop&q=60&ixlib=rb-4.1.0&ixid=M3wxMjA3fDB8MHxzZWFyY2h8NXx8bGFuZHNjYXBlfGVufDB8fDB8fHww	unsplash-control	https://unsplash.com/s/photos/landscape	none|dim
https://images.unsplash.com/photo-1513836279014-a89f7a76ae86?w=900&auto=format&fit=crop&q=60&ixlib=rb-4.1.0&ixid=M3wxMjA3fDB8MHxzZWFyY2h8MjB8fGxhbmRzY2FwZXxlbnwwfHwwfHx8MA%3D%3D	unsplash-control	https://unsplash.com/s/photos/landscape	none|dim
https://plus.unsplash.com/premium_photo-1711434824963-ca894373272e?w=900&auto=format&fit=crop&q=60&ixlib=rb-4.1.0&ixid=M3wxMjA3fDB8MHxzZWFyY2h8OXx8bGFuZHNjYXBlfGVufDB8fDB8fHww	unsplash-control	https://unsplash.com/s/photos/landscape	none|dim
https://images.unsplash.com/file-1782490133232-68ac96bedeb3image?w=416&dpr=2&auto=format&fit=crop&q=60	unsplash-control	https://unsplash.com/s/photos/landscape	none|dim
https://plus.unsplash.com/premium_photo-1666863909125-3a01f038e71f?w=900&auto=format&fit=crop&q=60&ixlib=rb-4.1.0&ixid=M3wxMjA3fDB8MHxzZWFyY2h8MTd8fGxhbmRzY2FwZXxlbnwwfHwwfHx8MA%3D%3D	unsplash-control	https://unsplash.com/s/photos/landscape	none|dim
https://plus.unsplash.com/premium_photo-1673697239981-389164b7b87f?w=900&auto=format&fit=crop&q=60&ixlib=rb-4.1.0&ixid=M3wxMjA3fDB8MHxzZWFyY2h8MTN8fGxhbmRzY2FwZXxlbnwwfHwwfHx8MA%3D%3D	unsplash-control	https://unsplash.com/s/photos/landscape	none|dim
https://images.unsplash.com/photo-1506744038136-46273834b3fb?w=900&auto=format&fit=crop&q=60&ixlib=rb-4.1.0&ixid=M3wxMjA3fDB8MHxzZWFyY2h8Mnx8bGFuZHNjYXBlfGVufDB8fDB8fHww	unsplash-control	https://unsplash.com/s/photos/landscape	none|dim
https://images.unsplash.com/photo-1501785888041-af3ef285b470?w=900&auto=format&fit=crop&q=60&ixlib=rb-4.1.0&ixid=M3wxMjA3fDB8MHxzZWFyY2h8M3x8bGFuZHNjYXBlfGVufDB8fDB8fHww	unsplash-control	https://unsplash.com/s/photos/landscape	none|dim
https://images.unsplash.com/photo-1511884642898-4c92249e20b6?w=900&auto=format&fit=crop&q=60&ixlib=rb-4.1.0&ixid=M3wxMjA3fDB8MHxzZWFyY2h8Nnx8bGFuZHNjYXBlfGVufDB8fDB8fHww	unsplash-control	https://unsplash.com/s/photos/landscape	none|dim
https://images.unsplash.com/photo-1464822759023-fed622ff2c3b?w=900&auto=format&fit=crop&q=60&ixlib=rb-4.1.0&ixid=M3wxMjA3fDB8MHxzZWFyY2h8N3x8bGFuZHNjYXBlfGVufDB8fDB8fHww	unsplash-control	https://unsplash.com/s/photos/landscape	none|dim
https://images.unsplash.com/photo-1523712999610-f77fbcfc3843?w=900&auto=format&fit=crop&q=60&ixlib=rb-4.1.0&ixid=M3wxMjA3fDB8MHxzZWFyY2h8MTR8fGxhbmRzY2FwZXxlbnwwfHwwfHx8MA%3D%3D	unsplash-control	https://unsplash.com/s/photos/landscape	none|dim
https://images.unsplash.com/photo-1465056836041-7f43ac27dcb5?w=900&auto=format&fit=crop&q=60&ixlib=rb-4.1.0&ixid=M3wxMjA3fDB8MHxzZWFyY2h8MTZ8fGxhbmRzY2FwZXxlbnwwfHwwfHx8MA%3D%3D	unsplash-control	https://unsplash.com/s/photos/landscape	none|dim
https://images.unsplash.com/photo-1532274402911-5a369e4c4bb5?w=900&auto=format&fit=crop&q=60&ixlib=rb-4.1.0&ixid=M3wxMjA3fDB8MHxzZWFyY2h8MTB8fGxhbmRzY2FwZXxlbnwwfHwwfHx8MA%3D%3D	unsplash-control	https://unsplash.com/s/photos/landscape	none|dim
https://images.unsplash.com/photo-1472214103451-9374bd1c798e?w=900&auto=format&fit=crop&q=60&ixlib=rb-4.1.0&ixid=M3wxMjA3fDB8MHxzZWFyY2h8MTF8fGxhbmRzY2FwZXxlbnwwfHwwfHx8MA%3D%3D	unsplash-control	https://unsplash.com/s/photos/landscape	none|dim
https://images.unsplash.com/photo-1470770841072-f978cf4d019e?w=900&auto=format&fit=crop&q=60&ixlib=rb-4.1.0&ixid=M3wxMjA3fDB8MHxzZWFyY2h8MTV8fGxhbmRzY2FwZXxlbnwwfHwwfHx8MA%3D%3D	unsplash-control	https://unsplash.com/s/photos/landscape	none|dim
https://assets.leetcode.com/uploads/2021/03/14/invert1-tree.jpg	lc-invert-tree	https://leetcode.com/problems/invert-binary-tree/description/	flip|logo
https://assets.leetcode.com/uploads/2021/03/14/invert2-tree.jpg	lc-invert-tree	https://leetcode.com/problems/invert-binary-tree/description/	flip|logo
https://assets.leetcode.com/uploads/2018/12/07/circularlinkedlist.png	lc-list-cycle	https://leetcode.com/problems/linked-list-cycle/description/	flip|logo
https://assets.leetcode.com/uploads/2018/12/07/circularlinkedlist_test2.png	lc-list-cycle	https://leetcode.com/problems/linked-list-cycle/description/	flip|logo
https://assets.leetcode.com/uploads/2020/11/04/word2.jpg	lc-word-search	https://leetcode.com/problems/word-search/description/	flip|logo|dim
https://assets.leetcode.com/uploads/2020/11/04/word-1.jpg	lc-word-search	https://leetcode.com/problems/word-search/description/	flip|logo|dim
https://assets.leetcode.com/uploads/2020/10/15/word3.jpg	lc-word-search	https://leetcode.com/problems/word-search/description/	flip|logo
https://assets.leetcode.com/uploads/2018/10/22/rainwatertrap.png	lc-rain-water	https://leetcode.com/problems/trapping-rain-water/description/	flip|logo
https://media.geeksforgeeks.org/wp-content/uploads/20251004170552853500/1.webp	gfg-intro-tree	https://www.geeksforgeeks.org/dsa/introduction-to-binary-tree/	flip|logo
https://media.geeksforgeeks.org/wp-content/uploads/20251006120924406439/420046788.webp	gfg-intro-tree	https://www.geeksforgeeks.org/dsa/introduction-to-binary-tree/	flip|logo
https://media.geeksforgeeks.org/wp-content/uploads/20251004153651297085/3.webp	gfg-intro-tree	https://www.geeksforgeeks.org/dsa/introduction-to-binary-tree/	flip|logo
https://media.geeksforgeeks.org/wp-content/uploads/20251004153651297085/3.webp	gfg-intro-tree	https://www.geeksforgeeks.org/dsa/introduction-to-binary-tree/	flip|logo
https://media.geeksforgeeks.org/wp-content/uploads/20251004153651297085/3.webp	gfg-intro-tree	https://www.geeksforgeeks.org/dsa/introduction-to-binary-tree/	flip|logo
https://media.geeksforgeeks.org/wp-content/uploads/20251004153651297085/3.webp	gfg-intro-tree	https://www.geeksforgeeks.org/dsa/introduction-to-binary-tree/	flip|logo
https://media.geeksforgeeks.org/wp-content/uploads/20251004170814367729/420046789.webp	gfg-intro-tree	https://www.geeksforgeeks.org/dsa/introduction-to-binary-tree/	flip|logo
https://cdn.programiz.com/sites/tutorial2program/files/binary_tree_1.png	programiz-tree	https://www.programiz.com/dsa/binary-tree	none|flip|logo
https://cdn.programiz.com/sites/tutorial2program/files/height-balanced_1.png	programiz-tree	https://www.programiz.com/dsa/binary-tree	none|flip|logo
https://cdn.programiz.com/sites/tutorial2program/files/binary-tree-representation_0.png	programiz-tree	https://www.programiz.com/dsa/binary-tree	none|flip|logo
https://cdn.programiz.com/sites/tutorial2program/files/skewed-binary-tree_0.png	programiz-tree	https://www.programiz.com/dsa/binary-tree	none|flip|logo
https://cdn.programiz.com/sites/tutorial2program/files/perfect-binary-tree_0.png	programiz-tree	https://www.programiz.com/dsa/binary-tree	none|flip|logo
https://cdn.programiz.com/sites/tutorial2program/files/full-binary-tree_0.png	programiz-tree	https://www.programiz.com/dsa/binary-tree	none|flip|logo
https://cdn.programiz.com/sites/tutorial2program/files/complete-binary-tree_0.png	programiz-tree	https://www.programiz.com/dsa/binary-tree	none|flip|logo
https://cdn.programiz.com/sites/tutorial2program/files/degenerate-binary-tree_0.png	programiz-tree	https://www.programiz.com/dsa/binary-tree	none|flip|logo
https://cdn.programiz.pro/programiz-static/assets/banner-person.png	programiz-tree	https://www.programiz.com/dsa/binary-tree	none|dim
https://cp-algorithms.com/data_structures/sum-segment-tree.png	cpalgo-segtree	https://cp-algorithms.com/data_structures/segment_tree.html	flip|logo
https://cp-algorithms.com/data_structures/sum-segment-tree-query.png	cpalgo-segtree	https://cp-algorithms.com/data_structures/segment_tree.html	flip|logo
https://cp-algorithms.com/data_structures/sum-segment-tree-update.png	cpalgo-segtree	https://cp-algorithms.com/data_structures/segment_tree.html	flip|logo
https://cp-algorithms.com/graph/Cut.png	cpalgo-edmonds	https://cp-algorithms.com/graph/edmonds_karp.html	flip|logo|dim|none
https://cp-algorithms.com/graph/Flow1.png	cpalgo-edmonds	https://cp-algorithms.com/graph/edmonds_karp.html	flip|logo
https://cp-algorithms.com/graph/Flow9.png	cpalgo-edmonds	https://cp-algorithms.com/graph/edmonds_karp.html	flip|logo
https://cp-algorithms.com/graph/Flow1.png	cpalgo-edmonds	https://cp-algorithms.com/graph/edmonds_karp.html	flip|logo
https://cp-algorithms.com/graph/Flow2.png	cpalgo-edmonds	https://cp-algorithms.com/graph/edmonds_karp.html	flip|logo
https://cp-algorithms.com/graph/Flow3.png	cpalgo-edmonds	https://cp-algorithms.com/graph/edmonds_karp.html	flip|logo
https://cp-algorithms.com/graph/Flow4.png	cpalgo-edmonds	https://cp-algorithms.com/graph/edmonds_karp.html	flip|logo
https://cp-algorithms.com/graph/Flow5.png	cpalgo-edmonds	https://cp-algorithms.com/graph/edmonds_karp.html	flip|logo
https://cp-algorithms.com/graph/Flow6.png	cpalgo-edmonds	https://cp-algorithms.com/graph/edmonds_karp.html	flip|logo
https://cp-algorithms.com/graph/Flow7.png	cpalgo-edmonds	https://cp-algorithms.com/graph/edmonds_karp.html	flip|logo
https://cp-algorithms.com/graph/Flow8.png	cpalgo-edmonds	https://cp-algorithms.com/graph/edmonds_karp.html	flip|logo
https://cp-algorithms.com/graph/Flow9.png	cpalgo-edmonds	https://cp-algorithms.com/graph/edmonds_karp.html	flip|logo
https://developer.mozilla.org/en-US/docs/Learn_web_development/Core/Styling_basics/Box_model/box-model-devtools.png	mdn-box-model	https://developer.mozilla.org/en-US/docs/Learn_web_development/Core/Styling_basics/Box_model	flip|logo
https://developer.mozilla.org/en-US/docs/Learn_web_development/Core/Styling_basics/Box_model/box-model.png	mdn-box-model	https://developer.mozilla.org/en-US/docs/Learn_web_development/Core/Styling_basics/Box_model	flip|logo
https://developer.mozilla.org/en-US/docs/Learn_web_development/Core/Styling_basics/Box_model/standard-box-model.png	mdn-box-model	https://developer.mozilla.org/en-US/docs/Learn_web_development/Core/Styling_basics/Box_model	flip|logo
https://developer.mozilla.org/en-US/docs/Learn_web_development/Core/Styling_basics/Box_model/alternate-box-model.png	mdn-box-model	https://developer.mozilla.org/en-US/docs/Learn_web_development/Core/Styling_basics/Box_model	flip|logo
https://docs.python.org/3/_images/turtle-star.png	python-turtle	https://docs.python.org/3/library/turtle.html	flip|logo|dim|none
https://kubernetes.io/images/announcements/kccnc-na-2026-white.svg	k8s-architecture	https://kubernetes.io/docs/concepts/architecture/	none
https://matplotlib.org/stable/_images/sphx_glr_bar_stacked_001_2_00x.png	mpl-bar-stacked	https://matplotlib.org/stable/gallery/lines_bars_and_markers/bar_stacked.html	flip|logo
https://scikit-learn.org/stable/_images/sphx_glr_plot_forest_iris_thumb.png	sklearn-classifiers	https://scikit-learn.org/stable/auto_examples/classification/plot_classifier_comparison.html	none|dim
https://scikit-learn.org/stable/_images/sphx_glr_plot_classifier_comparison_001.png	sklearn-classifiers	https://scikit-learn.org/stable/auto_examples/classification/plot_classifier_comparison.html	none|dim
https://scikit-learn.org/stable/_images/sphx_glr_plot_discretization_classification_thumb.png	sklearn-classifiers	https://scikit-learn.org/stable/auto_examples/classification/plot_classifier_comparison.html	none|dim
https://scikit-learn.org/stable/_images/sphx_glr_plot_mlp_alpha_thumb.png	sklearn-classifiers	https://scikit-learn.org/stable/auto_examples/classification/plot_classifier_comparison.html	none|dim
https://scikit-learn.org/stable/_images/sphx_glr_plot_gpc_iris_thumb.png	sklearn-classifiers	https://scikit-learn.org/stable/auto_examples/classification/plot_classifier_comparison.html	none|dim
https://scikit-learn.org/stable/_static/probabl.png	sklearn-classifiers	https://scikit-learn.org/stable/auto_examples/classification/plot_classifier_comparison.html	none|dim
https://scikit-learn.org/stable/_static/scikit-learn-logo-without-subtitle.svg	sklearn-classifiers	https://scikit-learn.org/stable/auto_examples/classification/plot_classifier_comparison.html	none|dim
https://docs.pytorch.org/tutorials/_images/mnist.png	pytorch-nn	https://docs.pytorch.org/tutorials/beginner/blitz/neural_networks_tutorial.html	flip|logo
https://git-scm.com/book/en/v2/images/advance-master.png	git-branching	https://git-scm.com/book/en/v2/Git-Branching-Branches-in-a-Nutshell	flip|logo|none
https://git-scm.com/book/en/v2/images/commit-and-tree.png	git-branching	https://git-scm.com/book/en/v2/Git-Branching-Branches-in-a-Nutshell	flip|logo|none
https://git-scm.com/book/en/v2/images/head-to-master.png	git-branching	https://git-scm.com/book/en/v2/Git-Branching-Branches-in-a-Nutshell	flip|logo|none
https://git-scm.com/book/en/v2/images/head-to-testing.png	git-branching	https://git-scm.com/book/en/v2/Git-Branching-Branches-in-a-Nutshell	flip|logo|none
https://git-scm.com/book/en/v2/images/branch-and-history.png	git-branching	https://git-scm.com/book/en/v2/Git-Branching-Branches-in-a-Nutshell	flip|logo|none
https://git-scm.com/book/en/v2/images/advance-testing.png	git-branching	https://git-scm.com/book/en/v2/Git-Branching-Branches-in-a-Nutshell	flip|logo|none
https://git-scm.com/book/en/v2/images/checkout-master.png	git-branching	https://git-scm.com/book/en/v2/Git-Branching-Branches-in-a-Nutshell	flip|logo|none
https://git-scm.com/book/en/v2/images/two-branches.png	git-branching	https://git-scm.com/book/en/v2/Git-Branching-Branches-in-a-Nutshell	flip|logo|none
https://git-scm.com/book/en/v2/images/commits-and-parents.png	git-branching	https://git-scm.com/book/en/v2/Git-Branching-Branches-in-a-Nutshell	flip|logo|none
https://arxiv.org/html/2307.09288v2/img/safety_overall_human_temp.png	arxiv-llama2	https://arxiv.org/html/2307.09288	flip|logo
https://arxiv.org/html/2307.09288v2/RLHF_chart2.jpg	arxiv-llama2	https://arxiv.org/html/2307.09288	flip|logo
https://arxiv.org/html/2307.09288v2/fig1_gpt4_eval.png	arxiv-llama2	https://arxiv.org/html/2307.09288	flip|logo
https://arxiv.org/html/2307.09288v2/overall_win_rate_horizontal_white.png	arxiv-llama2	https://arxiv.org/html/2307.09288	flip|logo|dim|none
https://arxiv.org/html/2307.09288v2/safety_rlhf_impact.png	arxiv-llama2	https://arxiv.org/html/2307.09288	flip|logo|dim|none
https://arxiv.org/html/2307.09288v2/img/human_evals/single_vs_multiturn.png	arxiv-llama2	https://arxiv.org/html/2307.09288	flip|logo
https://arxiv.org/html/2307.09288v2/img/safety_human_eval/turn_violation.png	arxiv-llama2	https://arxiv.org/html/2307.09288	flip|logo
https://arxiv.org/html/2307.09288v2/img/safety_human_eval/category.png	arxiv-llama2	https://arxiv.org/html/2307.09288	flip|logo
https://arxiv.org/html/2307.09288v2/figure27-A.png	arxiv-llama2	https://arxiv.org/html/2307.09288	flip|logo
https://arxiv.org/html/2307.09288v2/figure22.png	arxiv-llama2	https://arxiv.org/html/2307.09288	flip|logo
https://arxiv.org/html/2307.09288v2/img/data_toxicity.png	arxiv-llama2	https://arxiv.org/html/2307.09288	flip|logo
https://arxiv.org/html/2307.09288v2/img/llama-mq-combined.png	arxiv-llama2	https://arxiv.org/html/2307.09288	flip|logo|dim|none
https://arxiv.org/html/2307.09288v2/figure27-B.png	arxiv-llama2	https://arxiv.org/html/2307.09288	flip|logo
https://arxiv.org/html/2307.09288v2/system_emojis.png	arxiv-llama2	https://arxiv.org/html/2307.09288	flip|logo|dim|none
https://arxiv.org/html/2307.09288v2/context_distillation_with_templates_delta_scatter_plot.png	arxiv-llama2	https://arxiv.org/html/2307.09288	flip|logo|dim|none
https://arxiv.org/html/2307.09288v2/system_emojis_fail.png	arxiv-llama2	https://arxiv.org/html/2307.09288	flip|logo
https://arxiv.org/html/1706.03762v7/Figures/ModalNet-21.png	arxiv-transformer	https://arxiv.org/html/1706.03762v7	flip|logo|none
https://arxiv.org/html/1706.03762v7/Figures/ModalNet-19.png	arxiv-transformer	https://arxiv.org/html/1706.03762v7	flip|logo|none
https://arxiv.org/html/1706.03762v7/Figures/ModalNet-20.png	arxiv-transformer	https://arxiv.org/html/1706.03762v7	flip|logo|none
https://arxiv.org/static/base/1.0.1/images/funders/simons-foundation-international.png	arxiv-transformer	https://arxiv.org/html/1706.03762v7	flip|logo|none
https://arxiv.org/static/base/1.0.1/images/funders/simons-foundation.png	arxiv-transformer	https://arxiv.org/html/1706.03762v7	flip|logo
https://arxiv.org/static/base/1.0.1/images/funders/schmidt-sciences.png	arxiv-transformer	https://arxiv.org/html/1706.03762v7	flip|logo|none
https://distill.pub/2016/augmented-rnns/assets/rnn-attention-waveform-bw.png	distill-aug-rnns	https://distill.pub/2016/augmented-rnns/	flip|logo
https://distill.pub/2016/augmented-rnns/assets/show-attend-tell.png	distill-aug-rnns	https://distill.pub/2016/augmented-rnns/	none|dim
https://distill.pub/2016/augmented-rnns/assets/NTM-Copy-ReadWrite.svg	distill-aug-rnns	https://distill.pub/2016/augmented-rnns/	flip|logo
https://distill.pub/2016/augmented-rnns/assets/rnn_preview_ntm.svg	distill-aug-rnns	https://distill.pub/2016/augmented-rnns/	flip|logo|none
https://distill.pub/2016/augmented-rnns/assets/rnn_preview_ai.svg	distill-aug-rnns	https://distill.pub/2016/augmented-rnns/	flip|logo|none
https://distill.pub/2016/augmented-rnns/assets/rnn_preview_act.svg	distill-aug-rnns	https://distill.pub/2016/augmented-rnns/	flip|logo|none
https://distill.pub/2016/augmented-rnns/assets/rnn_preview_np.svg	distill-aug-rnns	https://distill.pub/2016/augmented-rnns/	flip|logo|none
https://distill.pub/2020/circuits/zoom-in/images/high-low.png	distill-zoom-in	https://distill.pub/2020/circuits/zoom-in/	flip|logo|dim|none
https://distill.pub/2020/circuits/zoom-in/images/arg-tune.png	distill-zoom-in	https://distill.pub/2020/circuits/zoom-in/	flip|logo|dim|none
https://distill.pub/2020/circuits/zoom-in/images/arg-synthetic.png	distill-zoom-in	https://distill.pub/2020/circuits/zoom-in/	flip|logo
https://distill.pub/2020/circuits/zoom-in/images/arg-weights.png	distill-zoom-in	https://distill.pub/2020/circuits/zoom-in/	dim|none
https://distill.pub/2020/circuits/zoom-in/images/curve-circuit.png	distill-zoom-in	https://distill.pub/2020/circuits/zoom-in/	flip|logo|dim|none
https://distill.pub/2020/circuits/zoom-in/images/micrographia2.jpg	distill-zoom-in	https://distill.pub/2020/circuits/zoom-in/	none|dim
https://distill.pub/2020/circuits/zoom-in/images/deepdream.jpg	distill-zoom-in	https://distill.pub/2020/circuits/zoom-in/	none|dim
https://distill.pub/2020/circuits/zoom-in/images/curves.png	distill-zoom-in	https://distill.pub/2020/circuits/zoom-in/	none|dim
https://distill.pub/2020/circuits/zoom-in/images/dog-pose.png	distill-zoom-in	https://distill.pub/2020/circuits/zoom-in/	none|dim
https://distill.pub/2020/circuits/zoom-in/images/polysemantic.png	distill-zoom-in	https://distill.pub/2020/circuits/zoom-in/	none|dim
https://distill.pub/2020/circuits/zoom-in/images/schwann-book.jpg	distill-zoom-in	https://distill.pub/2020/circuits/zoom-in/	none|dim
https://distill.pub/2020/circuits/zoom-in/images/atlas-book-crop.png	distill-zoom-in	https://distill.pub/2020/circuits/zoom-in/	none|dim
https://distill.pub/2020/circuits/zoom-in/images/curve-weights-b.png	distill-zoom-in	https://distill.pub/2020/circuits/zoom-in/	flip|logo|dim|none
https://distill.pub/2020/circuits/zoom-in/images/curve-weights-a.png	distill-zoom-in	https://distill.pub/2020/circuits/zoom-in/	flip|logo|dim|none
https://distill.pub/2020/circuits/zoom-in/images/arg-fv.png	distill-zoom-in	https://distill.pub/2020/circuits/zoom-in/	none|dim
https://distill.pub/2020/circuits/zoom-in/images/arg-hand.png	distill-zoom-in	https://distill.pub/2020/circuits/zoom-in/	none|dim
https://wikimedia.org/api/rest_v1/media/math/render/svg/704373ea51b842453c839ec11f3f54c1022cf586	wiki-euler	https://en.wikipedia.org/wiki/Euler%27s_formula	flip|logo
https://wikimedia.org/api/rest_v1/media/math/render/svg/a40397ddc9d4a245675491d9bef504ff39765f05	wiki-euler	https://en.wikipedia.org/wiki/Euler%27s_formula	flip|logo
https://thumb.wikimedia.org/wikipedia/commons/thumb/e/e2/Eulers-forrmula-standalone.svg/500px-Eulers-forrmula-standalone.svg.png?utm_source=en.wikipedia.org&utm_campaign=parser&utm_content=thumbnail	wiki-euler	https://en.wikipedia.org/wiki/Euler%27s_formula	flip|logo
https://wikimedia.org/api/rest_v1/media/math/render/svg/03a98ea8aae60a3214efaeb8eca17a8b54fd0cfe	wiki-euler	https://en.wikipedia.org/wiki/Euler%27s_formula	flip|logo
https://thumb.wikimedia.org/wikipedia/commons/thumb/7/73/Euler%27s_formula_commutative_diagram.svg/500px-Euler%27s_formula_commutative_diagram.svg.png?utm_source=en.wikipedia.org&utm_campaign=parser&utm_content=thumbnail	wiki-euler	https://en.wikipedia.org/wiki/Euler%27s_formula	flip|logo
https://wikimedia.org/api/rest_v1/media/math/render/svg/299c6c187e16b54ac9966cfc043ab154e8b987ea	wiki-euler	https://en.wikipedia.org/wiki/Euler%27s_formula	flip|logo
https://wikimedia.org/api/rest_v1/media/math/render/svg/ad341eb6e0d6ec2f29a59db8a23112ba4d7b9194	wiki-euler	https://en.wikipedia.org/wiki/Euler%27s_formula	flip|logo
https://wikimedia.org/api/rest_v1/media/math/render/svg/8b586f918744353d1e94ce64d76684c5a8b0c9a2	wiki-euler	https://en.wikipedia.org/wiki/Euler%27s_formula	flip|logo
https://wikimedia.org/api/rest_v1/media/math/render/svg/e596730a8b706e1b0009f12d2cb2a6d7af686ad2	wiki-euler	https://en.wikipedia.org/wiki/Euler%27s_formula	flip|logo
https://wikimedia.org/api/rest_v1/media/math/render/svg/67dd8ed1bcfa9175fb65136794166c86eb899118	wiki-euler	https://en.wikipedia.org/wiki/Euler%27s_formula	flip|logo
https://wikimedia.org/api/rest_v1/media/math/render/svg/6a91595ef0946463456b2d0184bdcdb2ae9da7a2	wiki-euler	https://en.wikipedia.org/wiki/Euler%27s_formula	flip|logo
https://wikimedia.org/api/rest_v1/media/math/render/svg/fd6679e2ee60b060e2b1921004f2ad7b2175d047	wiki-euler	https://en.wikipedia.org/wiki/Euler%27s_formula	flip|logo
https://wikimedia.org/api/rest_v1/media/math/render/svg/efb19835548f55f739dce187c31d1eb6e01c3c3b	wiki-euler	https://en.wikipedia.org/wiki/Euler%27s_formula	flip|logo
https://wikimedia.org/api/rest_v1/media/math/render/svg/662f01dd466c727efc530cdcb91ee48cb25d2b12	wiki-euler	https://en.wikipedia.org/wiki/Euler%27s_formula	flip|logo
https://thumb.wikimedia.org/wikipedia/commons/thumb/4/41/Rising_circular.gif/500px-Rising_circular.gif?utm_source=en.wikipedia.org&utm_campaign=parser&utm_content=thumbnail	wiki-euler	https://en.wikipedia.org/wiki/Euler%27s_formula	flip|logo|none
https://thumb.wikimedia.org/wikipedia/commons/thumb/7/71/Euler%27s_formula.svg/500px-Euler%27s_formula.svg.png?utm_source=en.wikipedia.org&utm_campaign=parser&utm_content=thumbnail	wiki-euler	https://en.wikipedia.org/wiki/Euler%27s_formula	flip|logo
https://upload.wikimedia.org/wikipedia/commons/5/5d/Konigsberg_bridges.png?utm_source=en.wikipedia.org&utm_campaign=parser&utm_content=thumbnail_unscaled	wiki-graph-theory	https://en.wikipedia.org/wiki/Graph_theory	flip|logo|dim|none
https://thumb.wikimedia.org/wikipedia/commons/thumb/1/16/Euclidean_minimum_spanning_tree.svg/500px-Euclidean_minimum_spanning_tree.svg.png?utm_source=en.wikipedia.org&utm_campaign=parser&utm_content=thumbnail	wiki-graph-theory	https://en.wikipedia.org/wiki/Graph_theory	flip|logo
https://thumb.wikimedia.org/wikipedia/commons/thumb/e/e4/Random_minimum_spanning_tree.svg/500px-Random_minimum_spanning_tree.svg.png?utm_source=en.wikipedia.org&utm_campaign=parser&utm_content=thumbnail	wiki-graph-theory	https://en.wikipedia.org/wiki/Graph_theory	flip|logo
https://thumb.wikimedia.org/wikipedia/commons/thumb/d/d9/Example_of_simple_undirected_graph_3.svg/500px-Example_of_simple_undirected_graph_3.svg.png?utm_source=en.wikipedia.org&utm_campaign=parser&utm_content=thumbnail	wiki-graph-theory	https://en.wikipedia.org/wiki/Graph_theory	flip|logo
https://thumb.wikimedia.org/wikipedia/commons/thumb/f/f3/Zarankiewicz_K4_7.svg/330px-Zarankiewicz_K4_7.svg.png?utm_source=en.wikipedia.org&utm_campaign=parser&utm_content=thumbnail	wiki-graph-theory	https://en.wikipedia.org/wiki/Graph_theory	flip|logo
https://thumb.wikimedia.org/wikipedia/commons/thumb/0/0f/Undirected%2C_directed%2C_mixed%2C_multigraph.svg/500px-Undirected%2C_directed%2C_mixed%2C_multigraph.svg.png?utm_source=en.wikipedia.org&utm_campaign=parser&utm_content=thumbnail	wiki-graph-theory	https://en.wikipedia.org/wiki/Graph_theory	flip|logo
https://thumb.wikimedia.org/wikipedia/commons/thumb/6/6a/Moreno_Sociogram_2nd_Grade.svg/500px-Moreno_Sociogram_2nd_Grade.svg.png?utm_source=en.wikipedia.org&utm_campaign=parser&utm_content=thumbnail	wiki-graph-theory	https://en.wikipedia.org/wiki/Graph_theory	none|flip|logo
https://thumb.wikimedia.org/wikipedia/commons/thumb/5/5b/Wikipedia_multilingual_network_graph_July_2013.svg/500px-Wikipedia_multilingual_network_graph_July_2013.svg.png?utm_source=en.wikipedia.org&utm_campaign=parser&utm_content=thumbnail	wiki-graph-theory	https://en.wikipedia.org/wiki/Graph_theory	none|flip|logo
https://thumb.wikimedia.org/wikipedia/commons/thumb/9/91/Petersen1_tiny.svg/500px-Petersen1_tiny.svg.png?utm_source=en.wikipedia.org&utm_campaign=parser&utm_content=thumbnail	wiki-graph-theory	https://en.wikipedia.org/wiki/Graph_theory	flip|logo
https://thumb.wikimedia.org/wikipedia/commons/thumb/b/b1/Dodecahedron_schlegel.svg/500px-Dodecahedron_schlegel.svg.png?utm_source=en.wikipedia.org&utm_campaign=parser&utm_content=thumbnail	wiki-graph-theory	https://en.wikipedia.org/wiki/Graph_theory	flip|logo
https://thumb.wikimedia.org/wikipedia/commons/thumb/0/01/Fano_plane-Levi_graph.svg/500px-Fano_plane-Levi_graph.svg.png?utm_source=en.wikipedia.org&utm_campaign=parser&utm_content=thumbnail	wiki-graph-theory	https://en.wikipedia.org/wiki/Graph_theory	flip|logo|none
https://thumb.wikimedia.org/wikipedia/commons/thumb/9/94/Circle_packing_graph.svg/500px-Circle_packing_graph.svg.png?utm_source=en.wikipedia.org&utm_campaign=parser&utm_content=thumbnail	wiki-graph-theory	https://en.wikipedia.org/wiki/Graph_theory	flip|logo|none
https://thumb.wikimedia.org/wikipedia/commons/thumb/b/b1/Map_of_United_States_accessible_colors_shown.svg/500px-Map_of_United_States_accessible_colors_shown.svg.png?utm_source=en.wikipedia.org&utm_campaign=parser&utm_content=thumbnail	wiki-graph-theory	https://en.wikipedia.org/wiki/Graph_theory	none
https://thumb.wikimedia.org/wikipedia/commons/thumb/1/1c/Diamond_pagewidth.svg/500px-Diamond_pagewidth.svg.png?utm_source=en.wikipedia.org&utm_campaign=parser&utm_content=thumbnail	wiki-graph-theory	https://en.wikipedia.org/wiki/Graph_theory	flip|logo
https://thumb.wikimedia.org/wikipedia/commons/thumb/5/5a/Biclique_K_5_5.svg/500px-Biclique_K_5_5.svg.png?utm_source=en.wikipedia.org&utm_campaign=parser&utm_content=thumbnail	wiki-graph-theory	https://en.wikipedia.org/wiki/Graph_theory	flip|logo
https://thumb.wikimedia.org/wikipedia/commons/thumb/a/ad/Heawood_graph_and_map_on_torus.png/330px-Heawood_graph_and_map_on_torus.png?utm_source=en.wikipedia.org&utm_campaign=parser&utm_content=thumbnail	wiki-graph-theory	https://en.wikipedia.org/wiki/Graph_theory	none
https://thumb.wikimedia.org/wikipedia/commons/thumb/8/8e/RLC_transient_plot.svg/960px-RLC_transient_plot.svg.png?utm_source=en.wikipedia.org&utm_campaign=parser&utm_content=thumbnail	wiki-rlc	https://en.wikipedia.org/wiki/RLC_circuit	flip|logo
https://thumb.wikimedia.org/wikipedia/commons/thumb/8/8c/RLC_parallel_plot.svg/960px-RLC_parallel_plot.svg.png?utm_source=en.wikipedia.org&utm_campaign=parser&utm_content=thumbnail	wiki-rlc	https://en.wikipedia.org/wiki/RLC_circuit	flip|logo
https://wikimedia.org/api/rest_v1/media/math/render/svg/c1cfeeff21eaf2abeca109069b7a926ffc8bcbc9	wiki-rlc	https://en.wikipedia.org/wiki/RLC_circuit	flip|logo
https://wikimedia.org/api/rest_v1/media/math/render/svg/1b209b713541a98e2ff504a0a07fa2bc74834413	wiki-rlc	https://en.wikipedia.org/wiki/RLC_circuit	flip|logo
https://thumb.wikimedia.org/wikipedia/commons/thumb/7/7d/RLC_low-pass.svg/500px-RLC_low-pass.svg.png?utm_source=en.wikipedia.org&utm_campaign=parser&utm_content=thumbnail	wiki-rlc	https://en.wikipedia.org/wiki/RLC_circuit	flip|logo
https://thumb.wikimedia.org/wikipedia/commons/thumb/c/ce/RLC_high-pass.svg/500px-RLC_high-pass.svg.png?utm_source=en.wikipedia.org&utm_campaign=parser&utm_content=thumbnail	wiki-rlc	https://en.wikipedia.org/wiki/RLC_circuit	flip|logo
https://thumb.wikimedia.org/wikipedia/commons/thumb/1/14/RLC_series_band-pass.svg/500px-RLC_series_band-pass.svg.png?utm_source=en.wikipedia.org&utm_campaign=parser&utm_content=thumbnail	wiki-rlc	https://en.wikipedia.org/wiki/RLC_circuit	flip|logo
https://thumb.wikimedia.org/wikipedia/commons/thumb/6/67/RLC_parallel_band-pass.svg/500px-RLC_parallel_band-pass.svg.png?utm_source=en.wikipedia.org&utm_campaign=parser&utm_content=thumbnail	wiki-rlc	https://en.wikipedia.org/wiki/RLC_circuit	flip|logo
https://thumb.wikimedia.org/wikipedia/commons/thumb/3/3f/RLC_series_band-stop.svg/250px-RLC_series_band-stop.svg.png?utm_source=en.wikipedia.org&utm_campaign=parser&utm_content=thumbnail	wiki-rlc	https://en.wikipedia.org/wiki/RLC_circuit	flip|logo
https://thumb.wikimedia.org/wikipedia/commons/thumb/0/05/RLC_parallel_band-stop.svg/250px-RLC_parallel_band-stop.svg.png?utm_source=en.wikipedia.org&utm_campaign=parser&utm_content=thumbnail	wiki-rlc	https://en.wikipedia.org/wiki/RLC_circuit	flip|logo
https://thumb.wikimedia.org/wikipedia/commons/thumb/9/9f/RLC_series.png/960px-RLC_series.png?utm_source=en.wikipedia.org&utm_campaign=parser&utm_content=thumbnail	wiki-rlc	https://en.wikipedia.org/wiki/RLC_circuit	dim|none
https://thumb.wikimedia.org/wikipedia/commons/thumb/b/b2/RLC_Series_Circuit_Bode_Magnitude_Plot.svg/500px-RLC_Series_Circuit_Bode_Magnitude_Plot.svg.png?utm_source=en.wikipedia.org&utm_campaign=parser&utm_content=thumbnail	wiki-rlc	https://en.wikipedia.org/wiki/RLC_circuit	flip|logo
https://wikimedia.org/api/rest_v1/media/math/render/svg/2527f90fc993b69c1f37efe033d27ab8df93db74	wiki-rlc	https://en.wikipedia.org/wiki/RLC_circuit	flip|logo
https://thumb.wikimedia.org/wikipedia/commons/thumb/7/75/RL_series_C_parallel.svg/330px-RL_series_C_parallel.svg.png?utm_source=en.wikipedia.org&utm_campaign=parser&utm_content=thumbnail	wiki-rlc	https://en.wikipedia.org/wiki/RLC_circuit	flip|logo
https://thumb.wikimedia.org/wikipedia/commons/thumb/9/9a/L_series_RC_parallel.svg/330px-L_series_RC_parallel.svg.png?utm_source=en.wikipedia.org&utm_campaign=parser&utm_content=thumbnail	wiki-rlc	https://en.wikipedia.org/wiki/RLC_circuit	flip|logo
https://wikimedia.org/api/rest_v1/media/math/render/svg/91b41e0e443a918d8e3841ce47450578d04636e4	wiki-rlc	https://en.wikipedia.org/wiki/RLC_circuit	flip|logo
https://thumb.wikimedia.org/wikipedia/commons/thumb/5/5e/Binary_tree_v2.svg/500px-Binary_tree_v2.svg.png?utm_source=en.wikipedia.org&utm_campaign=parser&utm_content=thumbnail	wiki-binary-tree	https://en.wikipedia.org/wiki/Binary_tree	flip|logo
https://thumb.wikimedia.org/wikipedia/commons/thumb/2/26/Waldburg_Ahnentafel.jpg/500px-Waldburg_Ahnentafel.jpg?utm_source=en.wikipedia.org&utm_campaign=parser&utm_content=thumbnail	wiki-binary-tree	https://en.wikipedia.org/wiki/Binary_tree	dim|none
https://thumb.wikimedia.org/wikipedia/commons/thumb/9/95/Insertion_of_binary_tree_node.svg/960px-Insertion_of_binary_tree_node.svg.png?utm_source=en.wikipedia.org&utm_campaign=parser&utm_content=thumbnail	wiki-binary-tree	https://en.wikipedia.org/wiki/Binary_tree	flip|logo
https://thumb.wikimedia.org/wikipedia/commons/thumb/3/31/Deletion_of_internal_binary_tree_node.svg/960px-Deletion_of_internal_binary_tree_node.svg.png?utm_source=en.wikipedia.org&utm_campaign=parser&utm_content=thumbnail	wiki-binary-tree	https://en.wikipedia.org/wiki/Binary_tree	flip|logo
https://wikimedia.org/api/rest_v1/media/math/render/svg/35dc2d601bbd9aff8f1ed1c4b2323122f2403317	wiki-binary-tree	https://en.wikipedia.org/wiki/Binary_tree	flip|logo
https://thumb.wikimedia.org/wikipedia/commons/thumb/c/cd/N-ary_to_binary.svg/960px-N-ary_to_binary.svg.png?utm_source=en.wikipedia.org&utm_campaign=parser&utm_content=thumbnail	wiki-binary-tree	https://en.wikipedia.org/wiki/Binary_tree	flip|logo
https://thumb.wikimedia.org/wikipedia/commons/thumb/4/43/BinaryTreeRotations.svg/960px-BinaryTreeRotations.svg.png?utm_source=en.wikipedia.org&utm_campaign=parser&utm_content=thumbnail	wiki-binary-tree	https://en.wikipedia.org/wiki/Binary_tree	flip|logo|none
https://thumb.wikimedia.org/wikipedia/commons/thumb/b/b0/Full_binary.svg/500px-Full_binary.svg.png?utm_source=en.wikipedia.org&utm_campaign=parser&utm_content=thumbnail	wiki-binary-tree	https://en.wikipedia.org/wiki/Binary_tree	flip|logo|none
https://thumb.wikimedia.org/wikipedia/commons/thumb/8/86/Binary_tree_in_array.svg/960px-Binary_tree_in_array.svg.png?utm_source=en.wikipedia.org&utm_campaign=parser&utm_content=thumbnail	wiki-binary-tree	https://en.wikipedia.org/wiki/Binary_tree	flip|logo
https://thumb.wikimedia.org/wikipedia/commons/thumb/d/d9/Complete_binary2.svg/500px-Complete_binary2.svg.png?utm_source=en.wikipedia.org&utm_campaign=parser&utm_content=thumbnail	wiki-binary-tree	https://en.wikipedia.org/wiki/Binary_tree	flip|logo|none
https://upload.wikimedia.org/wikipedia/commons/1/14/AirPods_4_ANC_and_case.jpg?utm_source=en.wikipedia.org&utm_campaign=parser&utm_content=thumbnail_unscaled	wiki-airpods	https://en.wikipedia.org/wiki/AirPods	dim|none
https://thumb.wikimedia.org/wikipedia/commons/thumb/4/43/AirPods.svg/500px-AirPods.svg.png?utm_source=en.wikipedia.org&utm_campaign=parser&utm_content=thumbnail	wiki-airpods	https://en.wikipedia.org/wiki/AirPods	flip|logo
https://thumb.wikimedia.org/wikipedia/commons/thumb/2/23/Airpods_4.jpg/500px-Airpods_4.jpg?utm_source=en.wikipedia.org&utm_campaign=parser&utm_content=thumbnail	wiki-airpods	https://en.wikipedia.org/wiki/AirPods	none|dim
https://thumb.wikimedia.org/wikipedia/commons/thumb/3/3b/Fifth-generation_AirPods_in_their_charging_case.jpg/500px-Fifth-generation_AirPods_in_their_charging_case.jpg?utm_source=en.wikipedia.org&utm_campaign=parser&utm_content=thumbnail	wiki-airpods	https://en.wikipedia.org/wiki/AirPods	none|dim
https://thumb.wikimedia.org/wikipedia/commons/thumb/0/0c/AirPods_3.jpg/500px-AirPods_3.jpg?utm_source=en.wikipedia.org&utm_campaign=parser&utm_content=thumbnail	wiki-airpods	https://en.wikipedia.org/wiki/AirPods	none|dim
https://thumb.wikimedia.org/wikipedia/commons/thumb/8/83/AirPods_%28cropped%29.jpg/500px-AirPods_%28cropped%29.jpg?utm_source=en.wikipedia.org&utm_campaign=parser&utm_content=thumbnail	wiki-airpods	https://en.wikipedia.org/wiki/AirPods	none|dim
https://thumb.wikimedia.org/wikipedia/commons/thumb/2/2e/Second_generation_AirPods.jpg/500px-Second_generation_AirPods.jpg?utm_source=en.wikipedia.org&utm_campaign=parser&utm_content=thumbnail	wiki-airpods	https://en.wikipedia.org/wiki/AirPods	none|dim
https://upload.wikimedia.org/wikipedia/commons/a/ae/Mandelbrot_island.jpg	mse-visual-math	https://math.stackexchange.com/questions/733754/visually-stunning-math-concepts-which-are-easy-to-explain	none|dim
https://upload.wikimedia.org/wikipedia/commons/e/ee/Mandel_zoom_01_head_and_shoulder.jpg	mse-visual-math	https://math.stackexchange.com/questions/733754/visually-stunning-math-concepts-which-are-easy-to-explain	none|dim
https://colah.github.io/posts/2015-08-Understanding-LSTMs/img/LSTM3-C-line.png	colah-lstm	https://colah.github.io/posts/2015-08-Understanding-LSTMs/	flip|logo|dim|none
https://colah.github.io/posts/2015-08-Understanding-LSTMs/img/LSTM2-notation.png	colah-lstm	https://colah.github.io/posts/2015-08-Understanding-LSTMs/	flip|logo
https://colah.github.io/posts/2014-07-Conv-Nets-Modular/img/fig.png	colah-lstm	https://colah.github.io/posts/2015-08-Understanding-LSTMs/	flip|logo|dim|none
https://colah.github.io/posts/2014-07-NLP-RNNs-Representations/img/Mikolov-GenderVecs.png	colah-lstm	https://colah.github.io/posts/2015-08-Understanding-LSTMs/	flip|logo
https://colah.github.io/posts/2015-08-Understanding-LSTMs/img/LSTM3-chain.png	colah-lstm	https://colah.github.io/posts/2015-08-Understanding-LSTMs/	flip|logo
https://colah.github.io/posts/2015-08-Understanding-LSTMs/img/LSTM3-SimpleRNN.png	colah-lstm	https://colah.github.io/posts/2015-08-Understanding-LSTMs/	flip|logo
https://colah.github.io/posts/2015-08-Understanding-LSTMs/img/LSTM3-focus-f.png	colah-lstm	https://colah.github.io/posts/2015-08-Understanding-LSTMs/	flip|logo
https://colah.github.io/posts/2015-08-Understanding-LSTMs/img/LSTM3-focus-i.png	colah-lstm	https://colah.github.io/posts/2015-08-Understanding-LSTMs/	flip|logo
https://colah.github.io/posts/2015-08-Understanding-LSTMs/img/LSTM3-focus-C.png	colah-lstm	https://colah.github.io/posts/2015-08-Understanding-LSTMs/	flip|logo
https://colah.github.io/posts/2015-08-Understanding-LSTMs/img/LSTM3-focus-o.png	colah-lstm	https://colah.github.io/posts/2015-08-Understanding-LSTMs/	flip|logo
https://colah.github.io/posts/2015-08-Understanding-LSTMs/img/LSTM3-var-peepholes.png	colah-lstm	https://colah.github.io/posts/2015-08-Understanding-LSTMs/	flip|logo
https://colah.github.io/posts/2015-08-Understanding-LSTMs/img/LSTM3-var-tied.png	colah-lstm	https://colah.github.io/posts/2015-08-Understanding-LSTMs/	flip|logo
https://colah.github.io/posts/2015-08-Understanding-LSTMs/img/LSTM3-var-GRU.png	colah-lstm	https://colah.github.io/posts/2015-08-Understanding-LSTMs/	flip|logo
https://colah.github.io/posts/2015-08-Understanding-LSTMs/img/RNN-longtermdependencies.png	colah-lstm	https://colah.github.io/posts/2015-08-Understanding-LSTMs/	flip|logo|none
https://colah.github.io/posts/2015-08-Understanding-LSTMs/img/RNN-unrolled.png	colah-lstm	https://colah.github.io/posts/2015-08-Understanding-LSTMs/	flip|logo|none
https://colah.github.io/posts/2015-08-Understanding-LSTMs/img/RNN-shorttermdepdencies.png	colah-lstm	https://colah.github.io/posts/2015-08-Understanding-LSTMs/	flip|logo|none
https://jalammar.github.io/images/t/self-attention-output.png	jalammar-transformer	https://jalammar.github.io/illustrated-transformer/	flip|logo
https://jalammar.github.io/images/t/The_transformer_encoder_decoder_stack.png	jalammar-transformer	https://jalammar.github.io/illustrated-transformer/	flip|logo
https://jalammar.github.io/images/t/encoder_with_tensors.png	jalammar-transformer	https://jalammar.github.io/illustrated-transformer/	flip|logo
https://jalammar.github.io/images/t/encoder_with_tensors_2.png	jalammar-transformer	https://jalammar.github.io/illustrated-transformer/	flip|logo
https://jalammar.github.io/images/t/transformer_self_attention_vectors.png	jalammar-transformer	https://jalammar.github.io/illustrated-transformer/	flip|logo
https://jalammar.github.io/images/t/self-attention_softmax.png	jalammar-transformer	https://jalammar.github.io/illustrated-transformer/	flip|logo
https://jalammar.github.io/images/t/self-attention-matrix-calculation.png	jalammar-transformer	https://jalammar.github.io/illustrated-transformer/	flip|logo
https://jalammar.github.io/images/t/The_transformer_encoders_decoders.png	jalammar-transformer	https://jalammar.github.io/illustrated-transformer/	flip|logo
https://jalammar.github.io/images/t/Transformer_encoder.png	jalammar-transformer	https://jalammar.github.io/illustrated-transformer/	flip|logo
https://jalammar.github.io/images/t/self-attention-matrix-calculation-2.png	jalammar-transformer	https://jalammar.github.io/illustrated-transformer/	flip|logo
https://jalammar.github.io/images/t/Transformer_decoder.png	jalammar-transformer	https://jalammar.github.io/illustrated-transformer/	flip|logo
https://jalammar.github.io/images/t/transformer_self_attention_score.png	jalammar-transformer	https://jalammar.github.io/illustrated-transformer/	flip|logo
https://jalammar.github.io/images/t/the_transformer_3.png	jalammar-transformer	https://jalammar.github.io/illustrated-transformer/	flip|logo
https://jalammar.github.io/images/t/transformer_self-attention_visualization.png	jalammar-transformer	https://jalammar.github.io/illustrated-transformer/	flip|logo|dim|none
https://jalammar.github.io/images/t/embeddings.png	jalammar-transformer	https://jalammar.github.io/illustrated-transformer/	flip|logo
https://github.com/user-attachments/assets/a471dfff-00cc-4cb4-8df5-123e195bcc71	jalammar-transformer	https://jalammar.github.io/illustrated-transformer/	dim|none
https://assets.insightmediagroup.io/media/wp-content/uploads/2024/03/1ukHeC6BHZVrwKwTEtdu1dQ.png	tds-nn-math	https://towardsdatascience.com/the-math-behind-neural-networks-a34a51b93873/	flip|logo
https://assets.insightmediagroup.io/media/wp-content/uploads/2024/03/1-38maoM351zOYZvYx0Z5iQ.png	tds-nn-math	https://towardsdatascience.com/the-math-behind-neural-networks-a34a51b93873/	flip|logo
https://assets.insightmediagroup.io/media/wp-content/uploads/2024/03/12uxUYY0YRzzkzFZ9r73vMA.png	tds-nn-math	https://towardsdatascience.com/the-math-behind-neural-networks-a34a51b93873/	flip|logo
https://assets.insightmediagroup.io/media/wp-content/uploads/2024/03/1MXY5i10BeQAxjF8gle0_aA.png	tds-nn-math	https://towardsdatascience.com/the-math-behind-neural-networks-a34a51b93873/	flip|logo
https://assets.insightmediagroup.io/media/wp-content/uploads/2024/03/1Pl8TMERMrWfHe2LrmvuHJw.png	tds-nn-math	https://towardsdatascience.com/the-math-behind-neural-networks-a34a51b93873/	flip|logo
https://assets.insightmediagroup.io/media/wp-content/uploads/2024/03/1cih3qtKihKCbo48RwR6O2w.png	tds-nn-math	https://towardsdatascience.com/the-math-behind-neural-networks-a34a51b93873/	flip|logo
https://assets.insightmediagroup.io/media/wp-content/uploads/2024/03/1tt1rI7VxYc_kkyalKMmIIg.png	tds-nn-math	https://towardsdatascience.com/the-math-behind-neural-networks-a34a51b93873/	flip|logo
https://assets.insightmediagroup.io/media/wp-content/uploads/2024/03/15iye9eVZvnQxCiu7zSLpzQ.png	tds-nn-math	https://towardsdatascience.com/the-math-behind-neural-networks-a34a51b93873/	flip|logo
https://assets.insightmediagroup.io/media/wp-content/uploads/2024/03/1ALm_9w6JMsOjUjhLnu6Eqw.png	tds-nn-math	https://towardsdatascience.com/the-math-behind-neural-networks-a34a51b93873/	flip|logo
https://assets.insightmediagroup.io/media/wp-content/uploads/2024/03/1EVXulwpZjCyeZkq8U-zXTg.png	tds-nn-math	https://towardsdatascience.com/the-math-behind-neural-networks-a34a51b93873/	flip|logo
https://assets.insightmediagroup.io/media/wp-content/uploads/2024/03/18RxFYpMFabjACbJeADxq6Q.png	tds-nn-math	https://towardsdatascience.com/the-math-behind-neural-networks-a34a51b93873/	flip|logo
https://assets.insightmediagroup.io/media/wp-content/uploads/2024/03/17VfpmvsNSJMikpglmZL_gg.png	tds-nn-math	https://towardsdatascience.com/the-math-behind-neural-networks-a34a51b93873/	flip|logo
https://assets.insightmediagroup.io/media/wp-content/uploads/2024/03/1w5fS4rm-d2q2fvXdTE6jcA.png	tds-nn-math	https://towardsdatascience.com/the-math-behind-neural-networks-a34a51b93873/	flip|logo
https://assets.insightmediagroup.io/media/wp-content/uploads/2024/03/10nbCbiuCI9lhoojtekd72A.png	tds-nn-math	https://towardsdatascience.com/the-math-behind-neural-networks-a34a51b93873/	flip|logo
https://assets.insightmediagroup.io/media/wp-content/uploads/2024/03/0lYCxlGeLK2scQE2L.jpg	tds-nn-math	https://towardsdatascience.com/the-math-behind-neural-networks-a34a51b93873/	none|dim
https://assets.insightmediagroup.io/media/wp-content/uploads/2024/03/0RmTRa3vrNVFBZypb.jpg	tds-nn-math	https://towardsdatascience.com/the-math-behind-neural-networks-a34a51b93873/	none|dim
https://substackcdn.com/image/fetch/$s_!jT0i!,w_1456,c_limit,f_webp,q_auto:good,fl_progressive:steep/https%3A%2F%2Fsubstack-post-media.s3.amazonaws.com%2Fpublic%2Fimages%2F25622e79-869b-48ba-834f-6eebda99cd5e_881x765.jpeg	substack-charts	https://www.noahpinion.blog/p/the-140000-poverty-line-is-very-silly	flip|logo
https://substackcdn.com/image/fetch/$s_!84id!,w_1456,c_limit,f_webp,q_auto:good,fl_progressive:steep/https%3A%2F%2Fsubstack-post-media.s3.amazonaws.com%2Fpublic%2Fimages%2Fd91f477b-bace-4083-a397-6a14cd8fdb35_850x736.jpeg	substack-charts	https://www.noahpinion.blog/p/the-140000-poverty-line-is-very-silly	flip|logo
https://substackcdn.com/image/fetch/$s_!qNAa!,w_1456,c_limit,f_webp,q_auto:good,fl_progressive:steep/https%3A%2F%2Fsubstack-post-media.s3.amazonaws.com%2Fpublic%2Fimages%2F86f4085f-c026-43c4-b3b1-c94527a63e2b_1020x720.jpeg	substack-charts	https://www.noahpinion.blog/p/the-140000-poverty-line-is-very-silly	flip|logo|dim|none
https://substackcdn.com/image/fetch/$s_!zB3K!,w_1456,c_limit,f_webp,q_auto:good,fl_progressive:steep/https%3A%2F%2Fsubstack-post-media.s3.amazonaws.com%2Fpublic%2Fimages%2Fa7ebabb2-1a2f-4ab5-a1b7-449e6986ece1_945x788.jpeg	substack-charts	https://www.noahpinion.blog/p/the-140000-poverty-line-is-very-silly	flip|logo
https://substackcdn.com/image/fetch/$s_!tXsW!,w_1456,c_limit,f_webp,q_auto:good,fl_progressive:steep/https%3A%2F%2Fsubstack-post-media.s3.amazonaws.com%2Fpublic%2Fimages%2F2007f4a8-7ba6-42f3-bf0a-4c5062c7be11_780x672.jpeg	substack-charts	https://www.noahpinion.blog/p/the-140000-poverty-line-is-very-silly	flip|logo|dim|none
https://substackcdn.com/image/fetch/$s_!Jg9e!,w_1456,c_limit,f_webp,q_auto:good,fl_progressive:steep/https%3A%2F%2Fsubstack-post-media.s3.amazonaws.com%2Fpublic%2Fimages%2F7a637a33-2456-4c95-b955-73759e8c2656_1187x697.jpeg	substack-charts	https://www.noahpinion.blog/p/the-140000-poverty-line-is-very-silly	dim|none
https://substackcdn.com/image/fetch/$s_!nASz!,w_1456,c_limit,f_auto,q_auto:good,fl_progressive:steep/https%3A%2F%2Fsubstack-post-media.s3.amazonaws.com%2Fpublic%2Fimages%2F6de6cf43-a440-4f0a-8c75-ba721c9fe2fc_946x647.jpeg	substack-charts	https://www.noahpinion.blog/p/the-140000-poverty-line-is-very-silly	flip|logo|dim
https://substackcdn.com/image/fetch/$s_!E10q!,w_1456,c_limit,f_auto,q_auto:good,fl_progressive:steep/https%3A%2F%2Fsubstack-post-media.s3.amazonaws.com%2Fpublic%2Fimages%2Fe20d20cf-cf5f-4949-84b5-08b0bb5dbe61_881x765.jpeg	substack-charts	https://www.noahpinion.blog/p/the-140000-poverty-line-is-very-silly	flip|logo
https://substackcdn.com/image/fetch/$s_!7xtY!,w_1456,c_limit,f_webp,q_auto:good,fl_progressive:steep/https%3A%2F%2Fsubstack-post-media.s3.amazonaws.com%2Fpublic%2Fimages%2Fb29bd2e2-058b-46e9-9f5b-78dbae537099_1000x563.jpeg	substack-charts	https://www.noahpinion.blog/p/the-140000-poverty-line-is-very-silly	none|dim
https://substackcdn.com/image/fetch/$s_!tgZE!,w_1456,c_limit,f_webp,q_auto:good,fl_progressive:steep/https%3A%2F%2Fsubstack-post-media.s3.amazonaws.com%2Fpublic%2Fimages%2F533a15ec-e08e-4d3a-83cd-bef4d7b919ee_809x376.jpeg	substack-charts	https://www.noahpinion.blog/p/the-140000-poverty-line-is-very-silly	none|dim
https://substackcdn.com/image/fetch/$s_!vpEi!,w_1456,c_limit,f_auto,q_auto:good,fl_progressive:steep/https%3A%2F%2Fsubstack-post-media.s3.amazonaws.com%2Fpublic%2Fimages%2Fd4efb8e7-7e09-42ce-a766-0ba5f0d85544_1320x465.png	substack-charts	https://www.noahpinion.blog/p/the-140000-poverty-line-is-very-silly	flip|logo
https://substackcdn.com/image/fetch/$s_!AgE7!,w_1456,c_limit,f_auto,q_auto:good,fl_progressive:steep/https%3A%2F%2Fsubstack-post-media.s3.amazonaws.com%2Fpublic%2Fimages%2F1420ee45-19d0-4700-bc45-6d0dd6face48_1320x450.png	substack-charts	https://www.noahpinion.blog/p/the-140000-poverty-line-is-very-silly	flip|logo
https://substackcdn.com/image/fetch/$s_!cVoD!,w_1456,c_limit,f_auto,q_auto:good,fl_progressive:steep/https%3A%2F%2Fsubstack-post-media.s3.amazonaws.com%2Fpublic%2Fimages%2F7706c345-2a3d-4809-8296-0eb1922b74cb_1320x450.png	substack-charts	https://www.noahpinion.blog/p/the-140000-poverty-line-is-very-silly	flip|logo
https://substackcdn.com/image/fetch/$s_!Wbx4!,w_320,h_213,c_fill,f_auto,q_auto:good,fl_progressive:steep,g_center/https%3A%2F%2Fsubstack-post-media.s3.amazonaws.com%2Fpublic%2Fimages%2F0bd52668-a2cf-438c-a837-0bb71c94c8c4_1124x1210.jpeg	substack-charts	https://www.noahpinion.blog/p/the-140000-poverty-line-is-very-silly	none|dim
https://substackcdn.com/image/fetch/$s_!mjYs!,w_320,h_213,c_fill,f_auto,q_auto:good,fl_progressive:steep,g_center/https%3A%2F%2Fsubstack-post-media.s3.amazonaws.com%2Fpublic%2Fimages%2F97338550-ec3e-46d2-8c12-85ed03d4137a_1157x589.jpeg	substack-charts	https://www.noahpinion.blog/p/the-140000-poverty-line-is-very-silly	none|dim
https://substackcdn.com/image/fetch/$s_!Qlx9!,w_320,h_213,c_fill,f_auto,q_auto:good,fl_progressive:steep,g_center/https%3A%2F%2Fsubstack-post-media.s3.amazonaws.com%2Fpublic%2Fimages%2Fc3d0b4e6-fc63-461e-ab53-ff22b7d90a90_1152x648.jpeg	substack-charts	https://www.noahpinion.blog/p/the-140000-poverty-line-is-very-silly	none|dim
https://miro.medium.com/v2/resize:fit:1400/format:webp/1*dqlX0ixpk1O3225bZ1LGnA.png	medium-karpathy	https://karpathy.medium.com/yes-you-should-understand-backprop-e2f06eab496b	flip|logo|dim
https://miro.medium.com/v2/resize:fit:1400/format:webp/1*gkXI7LYwyGPLU5dn6Jb6Bg.png	medium-karpathy	https://karpathy.medium.com/yes-you-should-understand-backprop-e2f06eab496b	flip|logo|dim
https://miro.medium.com/v2/resize:fit:1400/format:webp/1*g0yxlK8kEBw8uA1f82XQdA.png	medium-karpathy	https://karpathy.medium.com/yes-you-should-understand-backprop-e2f06eab496b	flip|logo|dim
https://miro.medium.com/v2/resize:fit:1400/format:webp/1*Ms0ggCGJ2gZqJJlY16wQ4w.png	medium-karpathy	https://karpathy.medium.com/yes-you-should-understand-backprop-e2f06eab496b	flip|logo
https://miro.medium.com/v2/resize:fit:1400/format:webp/1*pyz5lHFDho07cFzIA6tWmQ.png	medium-karpathy	https://karpathy.medium.com/yes-you-should-understand-backprop-e2f06eab496b	flip|logo|dim
https://miro.medium.com/v2/resize:fit:1358/format:webp/1*CHcu2L0NmAZwCpQgmS1ByA.jpeg	medium-karpathy	https://karpathy.medium.com/yes-you-should-understand-backprop-e2f06eab496b	none|dim
https://miro.medium.com/v2/resize:fit:1358/format:webp/1*B6aiZqCgv7jUmbzfeEpdTg.png	medium-karpathy	https://karpathy.medium.com/yes-you-should-understand-backprop-e2f06eab496b	none|dim
https://miro.medium.com/v2/resize:fit:1358/format:webp/1*mRs_3i9tCIt8EHQYDCGb2Q.png	medium-karpathy	https://karpathy.medium.com/yes-you-should-understand-backprop-e2f06eab496b	flip|logo
https://miro.medium.com/v2/resize:fit:1358/format:webp/1*-3TmbCHsoqNhjIZwXNRFQQ.png	medium-karpathy	https://karpathy.medium.com/yes-you-should-understand-backprop-e2f06eab496b	none|dim
https://miro.medium.com/v2/resize:fit:1358/format:webp/1*ZDKi4wLHHp90YWhgqSslUg.png	medium-karpathy	https://karpathy.medium.com/yes-you-should-understand-backprop-e2f06eab496b	none|dim
https://miro.medium.com/v2/resize:fit:1358/format:webp/0*GE7EmdKHMPgxyIf5.png	medium-karpathy	https://karpathy.medium.com/yes-you-should-understand-backprop-e2f06eab496b	flip|logo
https://miro.medium.com/v2/resize:fit:1358/format:webp/1*XIe0AzU8UNuX0Wqco7ouZg.png	medium-karpathy	https://karpathy.medium.com/yes-you-should-understand-backprop-e2f06eab496b	flip|logo|dim|none
https://miro.medium.com/v2/resize:fit:1358/format:webp/1*po63mpOfUFmrajkBRmDkGw.png	medium-karpathy	https://karpathy.medium.com/yes-you-should-understand-backprop-e2f06eab496b	flip|logo|dim|none
https://miro.medium.com/v2/resize:fit:1358/format:webp/1*wpOHldCy2O2itB-241M5rQ.png	medium-karpathy	https://karpathy.medium.com/yes-you-should-understand-backprop-e2f06eab496b	none|dim
https://miro.medium.com/v2/resize:fit:1358/format:webp/1*Oj5PiyfEi8DadSC8Jy374w.png	medium-karpathy	https://karpathy.medium.com/yes-you-should-understand-backprop-e2f06eab496b	flip|logo
https://camo.githubusercontent.com/1a8b50bedb0a66582d3798fc3036bbfb1c2eae37ec5cd809e5f9901aca00db81/68747470733a2f2f657870726573736a732e636f6d2f696d616765732f6c6f676f732f6c6f676f2d657870726573732d626c61636b2e737667	gh-express	https://github.com/expressjs/express	flip|logo
https://raw.githubusercontent.com/pallets/flask/refs/heads/stable/docs/_static/flask-name.svg	gh-flask	https://github.com/pallets/flask	flip|logo|none
https://github.com/karpathy/micrograd/raw/master/gout.svg	gh-micrograd	https://github.com/karpathy/micrograd	flip|logo
https://github.com/karpathy/micrograd/raw/master/puppy.jpg	gh-micrograd	https://github.com/karpathy/micrograd	none|dim
https://github.com/karpathy/micrograd/raw/master/moon_mlp.png	gh-micrograd	https://github.com/karpathy/micrograd	dim|none
https://github.com/donnemartin/system-design-primer/raw/master/images/zdCAkB3.png	gh-system-design	https://github.com/donnemartin/system-design-primer	flip|logo|dim|none
https://github.com/donnemartin/system-design-primer/raw/master/images/b4YtAEN.png	gh-system-design	https://github.com/donnemartin/system-design-primer	flip|logo|dim|none
https://github.com/donnemartin/system-design-primer/raw/master/images/MzExP06.png	gh-system-design	https://github.com/donnemartin/system-design-primer	flip|logo|none
https://github.com/donnemartin/system-design-primer/raw/master/images/4edXG0T.png	gh-system-design	https://github.com/donnemartin/system-design-primer	flip|logo|none
https://github.com/donnemartin/system-design-primer/raw/master/images/jj3A5N8.png	gh-system-design	https://github.com/donnemartin/system-design-primer	flip|logo|none
https://github.com/donnemartin/system-design-primer/raw/master/images/jj3A5N8.png	gh-system-design	https://github.com/donnemartin/system-design-primer	flip|logo|none
https://github.com/donnemartin/system-design-primer/raw/master/images/bWxPtQA.png	gh-system-design	https://github.com/donnemartin/system-design-primer	flip|logo|none
https://github.com/donnemartin/system-design-primer/raw/master/images/cdCv5g7.png	gh-system-design	https://github.com/donnemartin/system-design-primer	flip|logo|none
https://github.com/donnemartin/system-design-primer/raw/master/images/jrUBAF7.png	gh-system-design	https://github.com/donnemartin/system-design-primer	flip|logo|none
https://github.com/donnemartin/system-design-primer/raw/master/images/jrUBAF7.png	gh-system-design	https://github.com/donnemartin/system-design-primer	flip|logo|none
https://github.com/donnemartin/system-design-primer/raw/master/images/V5q57vU.png	gh-system-design	https://github.com/donnemartin/system-design-primer	flip|logo|none
https://github.com/donnemartin/system-design-primer/raw/master/images/4j99mhe.png	gh-system-design	https://github.com/donnemartin/system-design-primer	flip|logo|none
https://github.com/donnemartin/system-design-primer/raw/master/images/rgSrvjG.png	gh-system-design	https://github.com/donnemartin/system-design-primer	flip|logo
https://github.com/donnemartin/system-design-primer/raw/master/images/OfVllex.png	gh-system-design	https://github.com/donnemartin/system-design-primer	flip|logo|none
https://github.com/donnemartin/system-design-primer/raw/master/images/TcUo2fw.png	gh-system-design	https://github.com/donnemartin/system-design-primer	flip|logo
https://github.com/donnemartin/system-design-primer/raw/master/images/C9ioGtn.png	gh-system-design	https://github.com/donnemartin/system-design-primer	flip|logo
https://www.ikea.com/us/en/images/products/billy-bookcase-white__1590272_pe1038911_s5.jpg?f=xxs	ikea-billy	https://www.ikea.com/us/en/p/billy-bookcase-white-00263850/	dim|none
https://www.ikea.com/us/en/images/products/billy-bookcase-white__1590291_pe1038930_s5.jpg?f=xxs	ikea-billy	https://www.ikea.com/us/en/p/billy-bookcase-white-00263850/	dim|none
https://www.ikea.com/us/en/images/products/billy-bookcase-white__1590306_pe1038945_s5.jpg?f=xxs	ikea-billy	https://www.ikea.com/us/en/p/billy-bookcase-white-00263850/	dim|none
https://www.ikea.com/us/en/images/products/billy-bookcase-with-height-extension-unit-brown-walnut-effect__1590468_pe1039106_s5.jpg?f=xxs	ikea-billy	https://www.ikea.com/us/en/p/billy-bookcase-white-00263850/	dim|none
https://www.ikea.com/us/en/images/products/billy-bookcase-corner-comb-w-ext-units-brown-walnut-effect__1590384_pe1039022_s5.jpg?f=xxs	ikea-billy	https://www.ikea.com/us/en/p/billy-bookcase-white-00263850/	dim|none
https://www.ikea.com/us/en/images/products/billy-bookcase-white__1590296_pe1038935_s5.jpg?f=xxs	ikea-billy	https://www.ikea.com/us/en/p/billy-bookcase-white-00263850/	dim|none
https://www.ikea.com/us/en/images/products/billy-oxberg-bookcase-with-doors-brown-walnut-effect__1097015_pe864665_s5.jpg?f=xxs	ikea-billy	https://www.ikea.com/us/en/p/billy-bookcase-white-00263850/	dim|none
https://www.ikea.com/us/en/images/products/billy-bookcase-white__1590288_pe1038927_s5.jpg?f=xxs	ikea-billy	https://www.ikea.com/us/en/p/billy-bookcase-white-00263850/	dim|none
https://www.ikea.com/us/en/images/products/billy-bookcase-with-glass-doors-dark-blue__0429309_pe584188_s5.jpg?f=xxs	ikea-billy	https://www.ikea.com/us/en/p/billy-bookcase-white-00263850/	dim|none
https://www.ikea.com/us/en/images/products/billy-bookcase-combination-crn-solution-white__1590381_pe1039019_s5.jpg?f=xxs	ikea-billy	https://www.ikea.com/us/en/p/billy-bookcase-white-00263850/	dim|none
https://www.ikea.com/us/en/images/products/billy-oxberg-bookcase-with-doors-white__0667847_pe714123_s5.jpg?f=xxs	ikea-billy	https://www.ikea.com/us/en/p/billy-bookcase-white-00263850/	dim|none
https://www.ikea.com/us/en/images/products/billy-bookcase-comb-w-extension-units-brown-walnut-effect__1590347_pe1038985_s5.jpg?f=xxs	ikea-billy	https://www.ikea.com/us/en/p/billy-bookcase-white-00263850/	dim|none
https://www.ikea.com/us/en/images/products/billy-oxberg-bookcase-with-panel-glass-doors-white__0667793_pe714087_s5.jpg?f=xxs	ikea-billy	https://www.ikea.com/us/en/p/billy-bookcase-white-00263850/	dim|none
https://www.ikea.com/us/en/images/products/billy-oxberg-bookcase-white__0641255_pe700390_s5.jpg?f=xxs	ikea-billy	https://www.ikea.com/us/en/p/billy-bookcase-white-00263850/	dim|none
https://www.ikea.com/us/en/images/products/billy-oxberg-bookcase-with-doors-white__1590446_pe1039084_s5.jpg?f=xxs	ikea-billy	https://www.ikea.com/us/en/p/billy-bookcase-white-00263850/	dim|none
https://www.ikea.com/us/en/images/products/billy-bookcase-combination-white__1590277_pe1038916_s5.jpg?f=xxs	ikea-billy	https://www.ikea.com/us/en/p/billy-bookcase-white-00263850/	dim|none
https://m.media-amazon.com/images/I/51NRGHU2NoL._AC_SX679_.jpg	amazon-product	https://www.amazon.com/dp/B0CHWRXH8B	dim|none
https://m.media-amazon.com/images/I/513z974F91L._AC_FMavif_UC308,308_CACC,308,308_QL54_.jpg?aicid=community-reviews	amazon-product	https://www.amazon.com/dp/B0CHWRXH8B	flip|logo|dim|none
https://m.media-amazon.com/images/I/11175MN-0OL._FMpng_SX200_.png	amazon-product	https://www.amazon.com/dp/B0CHWRXH8B	flip|logo
https://m.media-amazon.com/images/I/61solmQSSlL._SR75,75_.jpg	amazon-product	https://www.amazon.com/dp/B0CHWRXH8B	dim|none
https://m.media-amazon.com/images/I/71cRiRs9NtL._AC_FMavif_UC308,308_CACC,308,308_QL54_.jpg?aicid=community-reviews	amazon-product	https://www.amazon.com/dp/B0CHWRXH8B	none|dim
https://m.media-amazon.com/images/I/71d+bFthWQL._AC_FMavif_UC308,308_CACC,308,308_QL54_.jpg?aicid=community-reviews	amazon-product	https://www.amazon.com/dp/B0CHWRXH8B	none|dim
https://m.media-amazon.com/images/I/61amS1U6t0L._AC_FMavif_UC308,308_CACC,308,308_QL54_.jpg?aicid=community-reviews	amazon-product	https://www.amazon.com/dp/B0CHWRXH8B	none|dim
https://m.media-amazon.com/images/I/7141ZhyrvZL._AC_FMavif_UC308,308_CACC,308,308_QL54_.jpg?aicid=community-reviews	amazon-product	https://www.amazon.com/dp/B0CHWRXH8B	none|dim
https://m.media-amazon.com/images/I/61hybzYqvLL._AC_FMavif_UC308,308_CACC,308,308_QL54_.jpg?aicid=community-reviews	amazon-product	https://www.amazon.com/dp/B0CHWRXH8B	none|dim
https://m.media-amazon.com/images/I/61WHVkPAZML._AC_FMavif_UC308,308_CACC,308,308_QL54_.jpg?aicid=community-reviews	amazon-product	https://www.amazon.com/dp/B0CHWRXH8B	none|dim
https://m.media-amazon.com/images/I/61eK3f-zOlL._AC_FMavif_UC308,308_CACC,308,308_QL54_.jpg?aicid=community-reviews	amazon-product	https://www.amazon.com/dp/B0CHWRXH8B	none|dim
https://m.media-amazon.com/images/I/41OOmeHCpXL._AC_FMavif_UC308,308_CACC,308,308_QL54_.jpg?aicid=community-reviews	amazon-product	https://www.amazon.com/dp/B0CHWRXH8B	none|dim
https://m.media-amazon.com/images/I/61qc0aQUFlL._AC_FMavif_UC308,308_CACC,308,308_QL54_.jpg?aicid=community-reviews	amazon-product	https://www.amazon.com/dp/B0CHWRXH8B	none|dim
https://m.media-amazon.com/images/I/71W5PeM-4UL._AC_UC154,154_CACC,154,154_QL85_.jpg?aicid=community-reviews	amazon-product	https://www.amazon.com/dp/B0CHWRXH8B	none|dim
https://m.media-amazon.com/images/I/7172Qv6F6qL._AC_UC154,154_CACC,154,154_QL85_.jpg?aicid=community-reviews	amazon-product	https://www.amazon.com/dp/B0CHWRXH8B	none|dim
https://m.media-amazon.com/images/G/01/electronics/AirPods_Pro_Gen_2._CB593040086_.png	amazon-product	https://www.amazon.com/dp/B0CHWRXH8B	none
https://i.guim.co.uk/img/media/b0cd47552e025e85d938b5366ae7384d1948b628/0_0_6000_4000/master/6000.jpg?width=1900&dpr=2&s=none&crop=none	guardian-photos	https://www.theguardian.com/artanddesign/gallery/2026/oct/02/the-week-around-the-world-in-20-pictures	none|dim
https://i.guim.co.uk/img/media/5e335ec8c208517d47feaf544f67ac959a88ab4b/0_0_6227_4247/master/6227.jpg?width=1020&dpr=2&s=none&crop=none	guardian-photos	https://www.theguardian.com/artanddesign/gallery/2026/oct/02/the-week-around-the-world-in-20-pictures	none|dim
https://i.guim.co.uk/img/media/ffb4481d75f23ae201080d3addf4ed6a749d9eea/0_0_5662_3862/master/5662.jpg?width=1020&dpr=2&s=none&crop=none	guardian-photos	https://www.theguardian.com/artanddesign/gallery/2026/oct/02/the-week-around-the-world-in-20-pictures	none|dim
https://i.guim.co.uk/img/media/2947e36b76ef34fdb27d85d7873b8af9eee18dff/0_0_5500_3671/master/5500.jpg?width=375&dpr=1&s=none&crop=none	guardian-photos	https://www.theguardian.com/artanddesign/gallery/2026/oct/02/the-week-around-the-world-in-20-pictures	none|dim
https://i.guim.co.uk/img/media/4d38d4a39d6753423f19ae38e0653c03094ed290/0_0_8056_5371/master/8056.jpg?width=1020&dpr=2&s=none&crop=none	guardian-photos	https://www.theguardian.com/artanddesign/gallery/2026/oct/02/the-week-around-the-world-in-20-pictures	none|dim
https://i.guim.co.uk/img/media/464d8754ac1f81f757aebcdd515124b7f55782b4/0_0_5472_3648/master/5472.jpg?width=1020&dpr=2&s=none&crop=none	guardian-photos	https://www.theguardian.com/artanddesign/gallery/2026/oct/02/the-week-around-the-world-in-20-pictures	none|dim
https://i.guim.co.uk/img/media/96d619b9f8deee1456d975fa4e526d8a0c404b87/0_0_6968_4648/master/6968.jpg?width=1020&dpr=2&s=none&crop=none	guardian-photos	https://www.theguardian.com/artanddesign/gallery/2026/oct/02/the-week-around-the-world-in-20-pictures	none|dim
https://i.guim.co.uk/img/media/c4ba7cb1b65f57284da1b16cf2c868ac6822eac2/0_0_4000_2667/master/4000.jpg?width=1020&dpr=2&s=none&crop=none	guardian-photos	https://www.theguardian.com/artanddesign/gallery/2026/oct/02/the-week-around-the-world-in-20-pictures	none|dim
https://i.guim.co.uk/img/media/01122100f6879560547fb2a9057569e3aae19e71/0_0_8003_5338/master/8003.jpg?width=1020&dpr=2&s=none&crop=none	guardian-photos	https://www.theguardian.com/artanddesign/gallery/2026/oct/02/the-week-around-the-world-in-20-pictures	none|dim
https://i.guim.co.uk/img/media/105e9670199b1fdca8629b8da1783eb273356e21/0_0_5859_3906/master/5859.jpg?width=1020&dpr=2&s=none&crop=none	guardian-photos	https://www.theguardian.com/artanddesign/gallery/2026/oct/02/the-week-around-the-world-in-20-pictures	none|dim
https://i.guim.co.uk/img/media/61b4da7683b4e79f26d9d674d88c1f55edd6802b/0_0_5500_3667/master/5500.jpg?width=1020&dpr=2&s=none&crop=none	guardian-photos	https://www.theguardian.com/artanddesign/gallery/2026/oct/02/the-week-around-the-world-in-20-pictures	none|dim
https://i.guim.co.uk/img/media/b0cd47552e025e85d938b5366ae7384d1948b628/0_0_6000_4000/master/6000.jpg?width=1020&dpr=2&s=none&crop=none	guardian-photos	https://www.theguardian.com/artanddesign/gallery/2026/oct/02/the-week-around-the-world-in-20-pictures	none|dim
https://i.guim.co.uk/img/media/fb04af60b746ffc2701aa8b6e056cc3b6b11854f/0_0_6000_4000/master/6000.jpg?width=1020&dpr=2&s=none&crop=none	guardian-photos	https://www.theguardian.com/artanddesign/gallery/2026/oct/02/the-week-around-the-world-in-20-pictures	none|dim
https://i.guim.co.uk/img/media/22cdec4e967989ea0d9ca2251131ca05d53a3884/0_0_5753_3835/master/5753.jpg?width=1020&dpr=2&s=none&crop=none	guardian-photos	https://www.theguardian.com/artanddesign/gallery/2026/oct/02/the-week-around-the-world-in-20-pictures	none|dim
https://i.guim.co.uk/img/media/c7a758ce83754df957e0d98272f05eb873aaf0a8/0_0_3129_2086/master/3129.jpg?width=1020&dpr=2&s=none&crop=none	guardian-photos	https://www.theguardian.com/artanddesign/gallery/2026/oct/02/the-week-around-the-world-in-20-pictures	none|dim
https://i.guim.co.uk/img/media/15ca753a325f65aa4198a3c7a2f98e8ee2451d3c/0_0_7200_4800/master/7200.jpg?width=1020&dpr=2&s=none&crop=none	guardian-photos	https://www.theguardian.com/artanddesign/gallery/2026/oct/02/the-week-around-the-world-in-20-pictures	none|dim
https://live.staticflickr.com/65535/55570937579_b95e0cfb6c_n.jpg	flickr-explore	https://www.flickr.com/explore	dim|none
https://live.staticflickr.com/65535/55568605830_a328dde4f6_c.jpg	flickr-explore	https://www.flickr.com/explore	none|dim
https://live.staticflickr.com/65535/55570118259_edfe297c71.jpg	flickr-explore	https://www.flickr.com/explore	none|dim
https://live.staticflickr.com/65535/55569978265_5b348e0ae4_z.jpg	flickr-explore	https://www.flickr.com/explore	none|dim
https://live.staticflickr.com/65535/55570073460_3510af1862.jpg	flickr-explore	https://www.flickr.com/explore	none|dim
https://live.staticflickr.com/65535/55568406534_d6961932fb.jpg	flickr-explore	https://www.flickr.com/explore	none|dim
https://live.staticflickr.com/65535/55571646220_13ac91d530.jpg	flickr-explore	https://www.flickr.com/explore	none|dim
https://live.staticflickr.com/65535/55570318969_bd51d6446e.jpg	flickr-explore	https://www.flickr.com/explore	none|dim
https://live.staticflickr.com/65535/55570080146_1630d1aac8.jpg	flickr-explore	https://www.flickr.com/explore	none|dim
https://live.staticflickr.com/65535/55567650279_18f7b0c238_z.jpg	flickr-explore	https://www.flickr.com/explore	none|dim
https://live.staticflickr.com/65535/55570458546_7b2e470e0a.jpg	flickr-explore	https://www.flickr.com/explore	none|dim
https://live.staticflickr.com/65535/55569527778_66f9220ec3.jpg	flickr-explore	https://www.flickr.com/explore	none|dim
https://live.staticflickr.com/65535/55568552310_3d7b6089cc.jpg	flickr-explore	https://www.flickr.com/explore	none|dim
https://live.staticflickr.com/65535/55570993590_ca639c3f0f_w.jpg	flickr-explore	https://www.flickr.com/explore	none|dim
https://live.staticflickr.com/65535/55569491243_39ed3d9354.jpg	flickr-explore	https://www.flickr.com/explore	none|dim
https://live.staticflickr.com/65535/55570828300_d4d58ab64d_w.jpg	flickr-explore	https://www.flickr.com/explore	none|dim
https://www.nasa.gov/wp-content/uploads/2026/10/nhq202610040010orig.jpg	nasa-iotd	https://www.nasa.gov/image-of-the-day/	none|dim
https://www.nasa.gov/wp-content/uploads/2026/10/davinci-heat-test-1.jpg	nasa-iotd	https://www.nasa.gov/image-of-the-day/	none|dim
https://www.nasa.gov/wp-content/uploads/2026/10/55563235995-2bae0fafbc-o.jpg	nasa-iotd	https://www.nasa.gov/image-of-the-day/	none|dim
https://www.nasa.gov/wp-content/uploads/2026/09/iss075e0144232orig.jpg	nasa-iotd	https://www.nasa.gov/image-of-the-day/	none|dim
https://www.nasa.gov/wp-content/uploads/2026/09/55555912182-5c7a52ae0f-o.jpg	nasa-iotd	https://www.nasa.gov/image-of-the-day/	none|dim
https://www.nasa.gov/wp-content/uploads/2026/09/55534901810-95d2f06788-o.jpg	nasa-iotd	https://www.nasa.gov/image-of-the-day/	none|dim
https://www.nasa.gov/wp-content/uploads/2026/09/55534741297-34e5a9d414-o.jpg	nasa-iotd	https://www.nasa.gov/image-of-the-day/	none|dim
https://www.nasa.gov/wp-content/uploads/2026/09/afrc2026-0179-18orig.jpg	nasa-iotd	https://www.nasa.gov/image-of-the-day/	none|dim
https://www.nasa.gov/wp-content/uploads/2026/09/stsci-h-p26023a-m-2000x1207-1.jpg	nasa-iotd	https://www.nasa.gov/image-of-the-day/	none|dim
https://www.nasa.gov/wp-content/uploads/2026/09/m101-lg.jpg	nasa-iotd	https://www.nasa.gov/image-of-the-day/	none|dim
https://www.nasa.gov/wp-content/uploads/2026/09/55540215826-eb77fe7409-o.jpg	nasa-iotd	https://www.nasa.gov/image-of-the-day/	none|dim
https://www.nasa.gov/wp-content/uploads/2026/09/cosi-2026july-01.jpg	nasa-iotd	https://www.nasa.gov/image-of-the-day/	none|dim
https://www.nasa.gov/wp-content/uploads/2026/09/9467279838-faa6134db8-o.jpg	nasa-iotd	https://www.nasa.gov/image-of-the-day/	none|dim
https://www.nasa.gov/wp-content/uploads/2026/09/krakatau-oli-20260905-lrg.jpg	nasa-iotd	https://www.nasa.gov/image-of-the-day/	none|dim
https://www.nasa.gov/wp-content/uploads/2026/09/ksc-20260902-ph-kls01-0023orig-rotated.jpg	nasa-iotd	https://www.nasa.gov/image-of-the-day/	none|dim
https://www.nasa.gov/wp-content/uploads/2026/09/55527488950-2ce6740658-o.jpg	nasa-iotd	https://www.nasa.gov/image-of-the-day/	none|dim
